K00001	#b1b6bc	ESV1_ESV15_ESV16
K00018	#b1b6bc	ESV1_ESV6_ESV15_ESV14
K00024	#b1b6bc	ESV1_ESV6_ESV15
K00029	#b1b6bc	ESV1_ESV6_ESV15
K00031	#b1b6bc	ESV1_ESV6_ESV21_ESV15_ESV14_ESV16
K00033	#b1b6bc	ESV1_ESV6_ESV21
K00036	#b1b6bc	ESV1_ESV6_ESV21
K00048	#b1b6bc	ESV1_ESV6_ESV21_ESV16
K00058	#b1b6bc	ESV1_ESV6_ESV21_ESV15_ESV14_ESV16
K00133	#b1b6bc	ESV1_ESV6_ESV21_ESV15_ESV14_ESV16
K00134	#b1b6bc	ESV1_ESV6_ESV21_ESV15_ESV14_ESV16
K00174	#b1b6bc	ESV1_ESV14
K00175	#b1b6bc	ESV1_ESV14
K00176	#b1b6bc	ESV1_ESV14
K00177	#b1b6bc	ESV1_ESV14
K00215	#b1b6bc	ESV1_ESV6_ESV21_ESV15_ESV14_ESV16
K00239	#b1b6bc	ESV1_ESV21_ESV15
K00240	#b1b6bc	ESV1_ESV21_ESV15_ESV14
K00241	#b1b6bc	ESV1_ESV15_ESV14
K00265	#b1b6bc	ESV1_ESV21_ESV15_ESV14
K00266	#b1b6bc	ESV1_ESV21_ESV15_ESV14_ESV16
K00297	#b1b6bc	ESV1_ESV21_ESV15_ESV14_ESV16
K00382	#b1b6bc	ESV1_ESV6_ESV21_ESV15_ESV14
K00600	#b1b6bc	ESV1_ESV6_ESV21_ESV15_ESV14_ESV16
K00615	#b1b6bc	ESV1_ESV6_ESV21_ESV15_ESV14_ESV16
K00616	#b1b6bc	ESV1_ESV6_ESV21_ESV15_ESV16
K00625	#b1b6bc	ESV1_ESV16
K00640	#b1b6bc	ESV1_ESV6_ESV15_ESV14_ESV16
K00821	#b1b6bc	ESV1_ESV6_ESV21_ESV15_ESV14_ESV16
K00831	#b1b6bc	ESV1_ESV6_ESV21_ESV15_ESV16
K00845	#b1b6bc	ESV1_ESV14_ESV16
K00848	#b1b6bc	ESV1_ESV16
K00850	#b1b6bc	ESV1_ESV6_ESV14_ESV16
K00860	#b1b6bc	ESV1_ESV14
K00865	#b1b6bc	ESV1_ESV6_ESV21_ESV15
K00873	#b1b6bc	ESV1_ESV6_ESV21_ESV14_ESV16
K00874	#b1b6bc	ESV1_ESV6_ESV16
K00895	#f93a3a	ESV1
K00925	#b1b6bc	ESV1_ESV6_ESV21_ESV15_ESV14_ESV16
K00927	#b1b6bc	ESV1_ESV6_ESV21_ESV15_ESV14_ESV16
K00928	#b1b6bc	ESV1_ESV6_ESV21_ESV15_ESV14_ESV16
K00948	#b1b6bc	ESV1_ESV6_ESV21_ESV15_ESV14_ESV16
K00956	#b1b6bc	ESV1_ESV6_ESV15_ESV16
K00957	#b1b6bc	ESV1_ESV6_ESV15_ESV16
K01006	#b1b6bc	ESV1_ESV16
K01057	#b1b6bc	ESV1_ESV6_ESV21_ESV14
K01077	#b1b6bc	ESV1_ESV21_ESV15
K01079	#b1b6bc	ESV1_ESV6_ESV21_ESV15
K01082	#b1b6bc	ESV1_ESV6_ESV15
K01491	#b1b6bc	ESV1_ESV6_ESV21_ESV15_ESV14_ESV16
K01580	#f93a3a	ESV1
K01586	#b1b6bc	ESV1_ESV6_ESV21_ESV15_ESV14_ESV16
K01610	#b1b6bc	ESV1_ESV6_ESV16
K01620	#b1b6bc	ESV1_ESV21
K01624	#b1b6bc	ESV1_ESV6_ESV21_ESV15_ESV14_ESV16
K01625	#b1b6bc	ESV1_ESV6_ESV16
K01629	#b1b6bc	ESV1_ESV16
K01647	#b1b6bc	ESV1_ESV6_ESV21_ESV15_ESV16
K01666	#b1b6bc	ESV1_ESV15_ESV16
K01676	#b1b6bc	ESV1_ESV15
K01681	#b1b6bc	ESV1_ESV21_ESV15_ESV14_ESV16
K01689	#b1b6bc	ESV1_ESV6_ESV21_ESV15_ESV14_ESV16
K01714	#b1b6bc	ESV1_ESV6_ESV21_ESV15_ESV14_ESV16
K01733	#b1b6bc	ESV1_ESV6_ESV21_ESV15_ESV14_ESV16
K01734	#b1b6bc	ESV1_ESV6_ESV16
K01738	#b1b6bc	ESV1_ESV6_ESV15_ESV14_ESV16
K01778	#b1b6bc	ESV1_ESV6_ESV21_ESV15_ESV14_ESV16
K01783	#b1b6bc	ESV1_ESV6_ESV21_ESV15_ESV14_ESV16
K01785	#b1b6bc	ESV1_ESV6_ESV21_ESV16
K01803	#b1b6bc	ESV1_ESV6_ESV21_ESV15_ESV14_ESV16
K01808	#b1b6bc	ESV1_ESV14_ESV16
K01810	#b1b6bc	ESV1_ESV6_ESV21_ESV15_ESV14_ESV16
K01813	#b1b6bc	ESV1_ESV16
K01818	#b1b6bc	ESV1_ESV6
K01834	#b1b6bc	ESV1_ESV6_ESV21
K01835	#b1b6bc	ESV1_ESV21_ESV14_ESV16
K01847	#f93a3a	ESV1
K01895	#b1b6bc	ESV1_ESV15_ESV14
K01912	#b1b6bc	ESV1_ESV14
K01915	#b1b6bc	ESV1_ESV6_ESV21_ESV15_ESV14_ESV16
K01938	#b1b6bc	ESV1_ESV21_ESV14_ESV16
K01960	#f93a3a	ESV1
K01961	#b1b6bc	ESV1_ESV6_ESV15_ESV16
K03430	#f93a3a	ESV1
K03737	#b1b6bc	ESV1_ESV14_ESV16
K03778	#b1b6bc	ESV1_ESV16
K04041	#b1b6bc	ESV1_ESV16
K05306	#b1b6bc	ESV1_ESV14
K06881	#b1b6bc	ESV1_ESV14_ESV16
K07248	#b1b6bc	ESV1_ESV6_ESV14
K09474	#f93a3a	ESV1
K11645	#b1b6bc	ESV1_ESV14
K12524	#b1b6bc	ESV1_ESV6
K15633	#b1b6bc	ESV1_ESV15_ESV14_ESV16
K15634	#b1b6bc	ESV1_ESV6_ESV21_ESV14_ESV16
K15635	#f93a3a	ESV1
K20866	#f93a3a	ESV1
K21071	#b1b6bc	ESV1_ESV16
K00123	#b1b6bc	ESV6_ESV14
K00124	#b1b6bc	ESV6_ESV14
K00127	#f93a3a	ESV6
K00163	#b1b6bc	ESV6_ESV15
K00164	#b1b6bc	ESV6_ESV15
K00244	#b1b6bc	ESV6_ESV14
K00245	#b1b6bc	ESV6_ESV14
K00246	#b1b6bc	ESV6_ESV14
K00247	#f93a3a	ESV6
K00380	#b1b6bc	ESV6_ESV15
K00381	#b1b6bc	ESV6_ESV15
K00390	#b1b6bc	ESV6_ESV15
K00484	#f93a3a	ESV6
K00626	#b1b6bc	ESV6_ESV15
K00627	#b1b6bc	ESV6_ESV15
K00658	#b1b6bc	ESV6_ESV15
K00674	#b1b6bc	ESV6_ESV21_ESV15
K00836	#b1b6bc	ESV6_ESV15
K00851	#b1b6bc	ESV6_ESV21
K00872	#b1b6bc	ESV6_ESV21
K00879	#f93a3a	ESV6
K01034	#f93a3a	ESV6
K01035	#f93a3a	ESV6
K01439	#b1b6bc	ESV6_ESV21_ESV15_ESV14
K01512	#b1b6bc	ESV6_ESV15
K01595	#b1b6bc	ESV6_ESV21_ESV15
K01628	#f93a3a	ESV6
K01679	#b1b6bc	ESV6_ESV15
K01682	#b1b6bc	ESV6_ESV15
K01792	#b1b6bc	ESV6_ESV21
K01807	#b1b6bc	ESV6_ESV21_ESV15
K01821	#f93a3a	ESV6
K01902	#b1b6bc	ESV6_ESV21_ESV15_ESV14
K01903	#b1b6bc	ESV6_ESV21_ESV15_ESV14
K01962	#b1b6bc	ESV6_ESV15_ESV14_ESV16
K01963	#b1b6bc	ESV6_ESV15_ESV14_ESV16
K02160	#b1b6bc	ESV6_ESV15_ESV16
K02439	#f93a3a	ESV6
K02446	#b1b6bc	ESV6_ESV14
K02567	#b1b6bc	ESV6_ESV14
K02568	#f93a3a	ESV6
K02768	#b1b6bc	ESV6_ESV15_ESV16
K02769	#b1b6bc	ESV6_ESV15_ESV16
K02770	#b1b6bc	ESV6_ESV15_ESV16
K02821	#f93a3a	ESV6
K02822	#f93a3a	ESV6
K03078	#f93a3a	ESV6
K03385	#b1b6bc	ESV6_ESV14
K03475	#f93a3a	ESV6
K03476	#f93a3a	ESV6
K03562	#b1b6bc	ESV6_ESV15_ESV14
K03777	#b1b6bc	ESV6_ESV15
K03788	#f93a3a	ESV6
K03841	#b1b6bc	ESV6_ESV15_ESV14
K04072	#b1b6bc	ESV6_ESV21_ESV14_ESV16
K06193	#b1b6bc	ESV6_ESV15
K10678	#f93a3a	ESV6
K13745	#b1b6bc	ESV6_ESV15
K13788	#b1b6bc	ESV6_ESV21_ESV15_ESV14
K00003	#b1b6bc	ESV21_ESV15_ESV14_ESV16
K00016	#b1b6bc	ESV21_ESV16
K00886	#529af0	ESV21
K01607	#b1b6bc	ESV21_ESV15_ESV14
K01621	#529af0	ESV21
K11263	#b1b6bc	ESV21_ESV15
K00055	#529af0	ESV15
K00090	#529af0	ESV15
K00116	#529af0	ESV15
K00121	#529af0	ESV15
K00128	#b1b6bc	ESV15_ESV16
K00135	#b1b6bc	ESV15_ESV14
K00138	#529af0	ESV15
K00242	#529af0	ESV15
K00275	#529af0	ESV15
K00362	#529af0	ESV15
K00372	#529af0	ESV15
K00446	#529af0	ESV15
K00448	#529af0	ESV15
K00449	#529af0	ESV15
K00480	#529af0	ESV15
K00481	#529af0	ESV15
K00632	#529af0	ESV15
K00823	#529af0	ESV15
K01007	#b1b6bc	ESV15_ESV14
K01011	#529af0	ESV15
K01031	#529af0	ESV15
K01032	#529af0	ESV15
K01055	#529af0	ESV15
K01070	#529af0	ESV15
K01113	#529af0	ESV15
K01426	#529af0	ESV15
K01457	#529af0	ESV15
K01555	#529af0	ESV15
K01596	#529af0	ESV15
K01637	#529af0	ESV15
K01638	#529af0	ESV15
K01782	#529af0	ESV15
K01800	#529af0	ESV15
K01825	#529af0	ESV15
K01826	#529af0	ESV15
K01856	#529af0	ESV15
K01857	#529af0	ESV15
K02203	#b1b6bc	ESV15_ESV16
K02204	#529af0	ESV15
K02554	#529af0	ESV15
K03333	#529af0	ESV15
K03381	#529af0	ESV15
K03464	#529af0	ESV15
K03897	#529af0	ESV15
K04073	#529af0	ESV15
K05549	#529af0	ESV15
K05550	#529af0	ESV15
K05783	#529af0	ESV15
K05784	#529af0	ESV15
K07127	#529af0	ESV15
K10216	#529af0	ESV15
K10679	#529af0	ESV15
K10680	#529af0	ESV15
K12339	#529af0	ESV15
K13954	#b1b6bc	ESV15_ESV14
K14267	#529af0	ESV15
K15778	#529af0	ESV15
K16242	#529af0	ESV15
K16243	#529af0	ESV15
K16244	#529af0	ESV15
K16245	#529af0	ESV15
K16246	#529af0	ESV15
K16249	#529af0	ESV15
K18118	#529af0	ESV15
K00104	#529af0	ESV14
K00196	#529af0	ESV14
K00370	#529af0	ESV14
K00371	#529af0	ESV14
K00374	#529af0	ESV14
K00394	#b1b6bc	ESV14_ESV16
K00395	#b1b6bc	ESV14_ESV16
K00830	#529af0	ESV14
K00958	#529af0	ESV14
K01093	#529af0	ESV14
K01677	#b1b6bc	ESV14_ESV16
K01678	#b1b6bc	ESV14_ESV16
K01958	#529af0	ESV14
K02510	#529af0	ESV14
K03388	#529af0	ESV14
K03389	#529af0	ESV14
K03390	#529af0	ESV14
K03738	#529af0	ESV14
K06151	#529af0	ESV14
K06152	#529af0	ESV14
K06281	#529af0	ESV14
K06282	#529af0	ESV14
K08357	#529af0	ESV14
K08358	#529af0	ESV14
K08359	#529af0	ESV14
K11180	#529af0	ESV14
K11181	#529af0	ESV14
K11261	#529af0	ESV14
K11473	#529af0	ESV14
K11529	#b1b6bc	ESV14_ESV16
K15876	#529af0	ESV14
K00074	#529af0	ESV16
K00284	#529af0	ESV16
K00926	#529af0	ESV16
K03337	#529af0	ESV16
K03518	#529af0	ESV16
K07404	#529af0	ESV16
