"","X.samples.in.group.0","X.samples.in.group.1","counts.in.group.0","counts.in.group.1","X.Intercept.","TreatmentControl","normFactor","pvalues","adjPvalues","Min_sample","Kingdom","Phylum","Class","Order","Family","Genus","Species","enriched"
"CCGAGCGTTATCCGGATTTATTGGGTTTAAAGGGAGCGTAGGCGGACGCTTAAGTCAGTTGTGAAAGTTTGCGGCTCAACCGTAAAATTGCAGTTGATACTGGGTGTCTTGAGTACAGTAGAGGCAGGCGGAATTCGTGGTGTAGCGGTGAAATGCTTAGATATCACGAAGAACTCCGATTGCGAAGGCAGCTTGCTGGACTGTAACTGACGCTGATGCTCGAAAGTGTGGGT",24,23,30707,25154,5.98887938924626,-1.83427714346357,3.45941820590177,0.000156331740872217,0.000487580114888173,21.0681425950559,"k__Bacteria","p__Bacteroidetes","c__Bacteroidia","o__Bacteroidales","f__Bacteroidaceae","g__Bacteroides","s__uniformis","Aut"
"GCGAGCGTTGTCCGGATTTACTGGGTGTAAAGGGTGCGTAGGCGGATCTGCAAGTCAGTAGTGAAATCCCAGGGCTTAACCCTGGAACTGCTATTGAAACTGTGGGTCTTGAGTGAGGTAGAGGCAGGCGGAATTCCCGGTGTAGCGGTGAAATGCGTAGAGATCGGGAGGAACACCAGTGGCGAAGGCGGCCTGCTGGGCCTTAACTGACGCTGAGGCACGAAAGCATGGGT",13,7,299,129,0.603642779810997,-1.56308577066541,2.70252739212789,2.49786313007346e-06,1.09220289805173e-05,5.71556778426558,"k__Bacteria","p__Firmicutes","c__Clostridia","o__Clostridiales","f__Ruminococcaceae","g__Ruminococcus","s__","Aut"
"GCAAGCGTTATCCGGAATTATTGGGCGTAAAGGGCTCGTAGGCGGTTCGTCGCGTCCGGTGTGAAAGTCCATCGCTTAACGGTGGATCTGCGCCGGGTACGGGCGGGCTGGAGTGCGGTAGGGGAGACTGGAATTCCCGGTGTAACGGTGGAATGTGTAGATATCGGGAAGAACACCAATGGCGAAGGCAGGTCTCTGGGCCGTTACTGACGCTGAGGAGCGAAAGCGTGGGG",30,25,4186,13933,4.52618994953166,1.13269374519596,1.13245405940964,0.0257535689891617,0.0486698803778226,13.6038212029249,"k__Bacteria","p__Actinobacteria","c__Actinobacteria","o__Bifidobacteriales","f__Bifidobacteriaceae","g__Bifidobacterium","s__","Control"
"GCGAGCGTTGTCCGGATTTACTGGGCGTAAAGGGAGCGTAGGCGGACTTTTAAGTGAGATGTGAAATACCCGGGCTCAACTTGGGTGCTGCATTTCAAACTGGAAGTCTAGAGTGCAGGAGAGGAGAATGGAATTCCTAGTGTAGCGGTGAAATGCGTAGAGATTAGGAAGAACACCAGTGGCGAAGGCGATTCTCTGGACTGTAACTGACGCTGAGGCTCGAAAGCGTGGGG",35,31,7914,2959,2.68452489636202,-1.00198278351304,2.84407096636798,0.0132216215687765,0.0270497395397904,19.6576884586821,"k__Bacteria","p__Firmicutes","c__Clostridia","o__Clostridiales","f__Clostridiaceae","g__Clostridium","s__celatum","Aut"
"GCAAGCGTTATCCGGATTTACTGGGTGTAAAGGGAGCGTAGACGGATAGGCAAGTCTGGAGTGAAAACCCAGGGCTCAACCCTGGGACTGCTTTGGAAACTGCAGATCTGGAGTGCCGGAGAGGTAAGCGGAATTCCTAGTGTAGCGGTGAAATGCGTAGATATTAGGAGGAACACCAGTGGCGAAGGCGGCTTACTGGACGGTGACTGACGTTGAGGCTCGAAAGCGTGGGG",14,17,724,2145,3.35974604375917,0.840922003100209,1.31209661808288,0.00748083972643466,0.0163551692058326,12.3512582935363,"k__Bacteria","p__Firmicutes","c__Clostridia","o__Clostridiales","f__Lachnospiraceae","g__[Ruminococcus]","s__","Control"
"GCAAGCGTTATCCGGATTTACTGGGTGTAAAGGGAGCGTAGGCGGCGGAGCAAGTCAGAAGTGAAAGCCCGGGGCTCAACCCCGGGACGGCTTTTGAAACTGCCCTGCTTGATTTCAGGAGAGGTAAGCGGAATTCCTAGTGTAGCGGTGAAATGCGTAGATATTAGGAGGAACACCAGTGGCGAAGGCGGCTTACTGGACTGACAATGACGCTGAGGCTCGAAAGCGTGGGG",10,14,933,776,-2.96831249746757,0.794284053808029,5.51412825416702,0.0148561382774701,0.0299811659355279,7.92795573901463,"k__Bacteria","p__Firmicutes","c__Clostridia","o__Clostridiales","f__Lachnospiraceae","g__Coprococcus","s__catus","Control"
"GCAAGCGTTATCCGGATTTACTGGGTGTAAAGGGAGTGTAGGTGGCCATGCAAGTCAGAAGTGAAAATCCGGGGCTCAACCCCGGAACTGCTTTTGAAACTGTAAGGCTGGAGTGCAGGAGGGGTGAGTGGAATTCCTAGTGTAGCGGTGAAATGCGTAGATATTAGGAGGAACACCAGTGGCGAAGGCGGCTCACTGGACTGTAACTGACACTGAGGCTCGAAAGCGTGGGG",26,19,4118,3547,4.81749873013794,0.749481551842365,1.45661532731329,0.000792857372787937,0.00211745142672707,12.9236912261946,"k__Bacteria","p__Firmicutes","c__Clostridia","o__Clostridiales","f__Lachnospiraceae","g__Lachnospira","s__","Control"
"GCAAGCGTTATCCGGATTTACTGGGTGTAAAGGGAGCGTAGACGGCACAGCAAGTCTGAAGTGAAATCCCCGGGCTCAACCCGGGAACTGCTTTGGAAACTGTTGGGCTAGAGTGCTGGAGAGGCAAGCGGAATTCCTAGTGTAGCGGTGAAATGCGTAGATATTAGGAGGAACACCAGTGGCGAAGGCGGCTTGCTGGACAGTAACTGACGTTGAGGCTCGAAAGCGTGGGG",10,7,577,578,5.25699383145041,0.698851561123903,0.103110776112676,0.0041873227397949,0.0097268017809819,4.79375504891824,"k__Bacteria","p__Firmicutes","c__Clostridia","o__Clostridiales","f__Lachnospiraceae","g__","s__","Control"
"GCAAGCGTTATCCGGATTTACTGGGTGTAAAGGGAGCGTAGACGGCGAGACAAGTCTGAAGTGAAAGCCCGGGGCTCAACCCCGGGACTGCTTTGGAAACTGCCTTGCTAGAGTGCTGGAGAGGTAAGTGGAATTCCTAGTGTAGCGGTGAAATGCGTAGATATTAGGAGGAACACCAGTGGCGAAGGCGGCTTACTGGACAGTAACTGACGTTGAGGCTCGAAAGCGTGGGG",15,14,731,998,4.09911321888835,0.679093707172443,0.908907283365718,0.00139695502927508,0.00352001097772139,5.20710354979743,"k__Bacteria","p__Firmicutes","c__Clostridia","o__Clostridiales","f__Lachnospiraceae","g__","s__","Control"
"GCGAGCGTTATCCGGAATTATTGGGCGTAAAGGGTGCGCAGGCGGTTTGTTAAGTTTAAGGTGAAAGCGTGGGGCTTAACCCCATATAGCCTTAGAAACTGACAGACTAGAGTACAGGAGAGGGCAATGGAATTCCATGTGTAGCGGTAAAATGCGTAGATATATGGAGGAACACCAGTGGCGAAGGCGGTTGCCTGGCCTGTAACTGACGCTCATGCACGAAAGCGTGGGG",18,19,321,237,3.88964244690766,-0.531358253569151,-0.040594025194278,0.0105201838836748,0.0220281784606524,14.6563000944955,"k__Bacteria","p__Firmicutes","c__Erysipelotrichi","o__Erysipelotrichales","f__Erysipelotrichaceae","g__Holdemania","s__","Aut"
